frame_id,timestamp,class_name,confidence,x,y,width,height
1,1.00,TATA IPL,0.86,19,14,97,90
2,0.07,TATA IPL,0.38,225,420,50,69
2,0.07,philips,0.72,437,114,86,48
2,0.07,Balkrishna Industries,0.73,383,340,200,87
2,0.07,TATA IPL,0.86,19,14,97,90
3,0.10,TATA IPL,0.27,260,423,54,72
3,0.10,philips,0.73,469,114,98,52
3,0.10,Balkrishna Industries,0.80,425,344,195,82
3,0.10,TATA IPL,0.86,19,16,97,88
4,0.13,TATA IPL,0.27,260,423,54,72
4,0.13,philips,0.73,469,115,98,51
4,0.13,Balkrishna Industries,0.79,426,344,193,82
4,0.13,TATA IPL,0.86,19,16,97,88
5,0.17,TATA IPL,0.31,281,419,51,66
5,0.17,philips,0.75,492,115,93,51
5,0.17,Balkrishna Industries,0.76,447,339,192,85
5,0.17,TATA IPL,0.85,20,16,94,88
6,0.20,TATA IPL,0.32,281,419,51,65
6,0.20,philips,0.75,492,115,94,51
6,0.20,Balkrishna Industries,0.76,447,339,191,85
6,0.20,TATA IPL,0.86,20,16,94,88
7,0.23,TATA IPL,0.32,300,416,60,67
7,0.23,Balkrishna Industries,0.69,439,334,219,88
7,0.23,philips,0.71,511,112,90,50
7,0.23,TATA IPL,0.84,21,16,92,89
8,0.27,TATA IPL,0.48,328,359,46,59
8,0.27,Balkrishna Industries,0.74,480,337,190,78
8,0.27,philips,0.76,523,111,92,52
8,0.27,TATA IPL,0.84,21,14,92,91
9,0.30,TATA IPL,0.56,302,358,52,65
9,0.30,philips,0.72,537,109,90,54
9,0.30,Balkrishna Industries,0.74,481,333,213,90
9,0.30,TATA IPL,0.84,20,12,97,94
10,0.33,TATA IPL,0.69,277,359,50,70
10,0.33,philips,0.76,543,113,96,53
10,0.33,Balkrishna Industries,0.78,515,331,185,91
10,0.33,TATA IPL,0.84,20,13,96,93
11,0.37,Kuhl,0.27,381,344,69,64
11,0.37,TATA IPL,0.68,254,364,48,70
11,0.37,philips,0.76,553,117,98,53
11,0.37,Balkrishna Industries,0.78,530,326,189,91
11,0.37,TATA IPL,0.84,20,12,96,95
12,0.40,Kuhl,0.25,381,344,68,64
12,0.40,TATA IPL,0.69,254,364,48,71
12,0.40,philips,0.77,552,117,99,53
12,0.40,Balkrishna Industries,0.77,529,326,190,90
12,0.40,TATA IPL,0.84,19,12,99,94
13,0.43,Kuhl,0.27,367,349,93,57
13,0.43,Balkrishna Industries,0.28,360,350,103,56
13,0.43,TATA IPL,0.60,232,369,40,76
13,0.43,philips,0.72,567,116,93,53
13,0.43,Balkrishna Industries,0.81,540,326,188,83
13,0.43,TATA IPL,0.84,19,12,99,95
14,0.47,Kuhl,0.25,344,349,103,66
14,0.47,Balkrishna Industries,0.34,336,353,112,51
14,0.47,TATA IPL,0.49,203,379,44,69
14,0.47,philips,0.69,581,120,93,50
14,0.47,Balkrishna Industries,0.78,535,323,216,89
14,0.47,TATA IPL,0.84,21,13,95,93
15,0.50,Balkrishna Industries,0.39,326,355,116,53
15,0.50,TATA IPL,0.57,183,376,45,73
15,0.50,philips,0.70,595,120,85,57
15,0.50,Balkrishna Industries,0.78,559,323,202,82
15,0.50,TATA IPL,0.83,21,13,94,93
16,0.53,Dream11,0.26,331,431,126,62
16,0.53,Kuhl,0.29,319,354,109,60
16,0.53,Balkrishna Industries,0.31,313,354,110,49
16,0.53,Jio,0.31,202,320,50,53
16,0.53,TATA IPL,0.65,167,377,52,78
16,0.53,philips,0.68,609,126,80,57
16,0.53,Balkrishna Industries,0.80,568,323,204,83
16,0.53,TATA IPL,0.83,22,12,92,95
17,0.57,Jio,0.27,188,320,55,60
17,0.57,Balkrishna Industries,0.29,313,360,97,50
17,0.57,Balkrishna Industries,0.29,325,443,137,48
17,0.57,Dream11,0.30,321,436,145,68
17,0.57,Kuhl,0.38,306,356,114,64
17,0.57,TATA IPL,0.55,156,385,57,77
17,0.57,philips,0.66,623,126,77,58
17,0.57,Balkrishna Industries,0.79,586,322,198,84
17,0.57,TATA IPL,0.84,21,12,94,95
18,0.60,Jio,0.27,188,320,55,60
18,0.60,Balkrishna Industries,0.29,313,360,98,50
18,0.60,Balkrishna Industries,0.29,325,443,137,48
18,0.60,Dream11,0.30,321,436,145,68
18,0.60,Kuhl,0.38,307,356,113,64
18,0.60,TATA IPL,0.55,156,385,57,77
18,0.60,philips,0.66,623,126,77,58
18,0.60,Balkrishna Industries,0.79,586,322,198,83
18,0.60,TATA IPL,0.84,21,12,94,95
19,0.63,Balkrishna Industries,0.26,326,451,137,49
19,0.63,Dream11,0.28,319,443,146,66
19,0.63,Kuhl,0.40,301,367,108,58
19,0.63,Jio,0.45,175,328,54,51
19,0.63,philips,0.59,637,131,73,51
19,0.63,TATA IPL,0.65,146,389,59,83
19,0.63,Balkrishna Industries,0.80,597,322,193,81
19,0.63,TATA IPL,0.83,20,11,95,96
20,0.67,TATA IPL,0.28,175,331,54,60
20,0.67,Arun,0.28,407,68,87,49
20,0.67,Dream11,0.29,314,444,172,77
20,0.67,Arun,0.39,331,67,59,44
20,0.67,Jio,0.41,172,332,57,56
20,0.67,Kuhl,0.42,296,376,115,56
20,0.67,TATA IPL,0.57,140,398,58,81
20,0.67,philips,0.69,640,137,82,42
20,0.67,Balkrishna Industries,0.78,589,322,217,86
20,0.67,TATA IPL,0.83,20,11,96,96
21,0.70,Balkrishna Industries,0.27,325,448,162,74
21,0.70,Dream11,0.31,320,450,176,74
21,0.70,Kuhl,0.40,296,379,112,55
21,0.70,TATA IPL,0.42,177,336,54,65
21,0.70,Arun,0.52,328,68,61,45
21,0.70,Jio,0.56,173,342,57,58
21,0.70,TATA IPL,0.67,144,401,53,78
21,0.70,philips,0.70,654,138,83,46
21,0.70,Balkrishna Industries,0.78,614,323,203,82
21,0.70,TATA IPL,0.83,21,11,95,96
22,0.73,Dream11,0.36,326,448,177,76
22,0.73,Balkrishna Industries,0.39,331,441,160,81
22,0.73,Kuhl,0.40,303,383,105,53
22,0.73,Jio,0.54,179,343,60,63
22,0.73,Arun,0.58,322,73,73,49
22,0.73,TATA IPL,0.67,140,407,82,81
22,0.73,philips,0.74,662,140,85,47
22,0.73,Balkrishna Industries,0.79,624,322,198,86
22,0.73,TATA IPL,0.84,20,12,96,95
23,0.77,Dream11,0.30,309,408,166,74
23,0.77,Balkrishna Industries,0.36,337,442,160,83
23,0.77,Kuhl,0.40,308,386,108,56
23,0.77,Dream11,0.40,333,448,179,76
23,0.77,Jio,0.59,188,358,56,56
23,0.77,Arun,0.66,328,78,69,50
23,0.77,philips,0.70,672,141,83,47
23,0.77,TATA IPL,0.71,146,411,84,81
23,0.77,Balkrishna Industries,0.77,633,324,211,87
23,0.77,TATA IPL,0.83,20,13,95,92
24,0.80,Dream11,0.30,309,409,168,75
24,0.80,Balkrishna Industries,0.35,337,442,160,83
24,0.80,Kuhl,0.40,308,386,109,56
24,0.80,Dream11,0.41,333,448,179,76
24,0.80,Jio,0.59,188,358,56,56
24,0.80,Arun,0.67,327,78,70,50
24,0.80,philips,0.70,672,141,83,47
24,0.80,TATA IPL,0.71,146,411,84,81
24,0.80,Balkrishna Industries,0.77,633,323,211,88
24,0.80,TATA IPL,0.83,21,12,94,94
25,0.83,Dream11,0.31,315,404,149,75
25,0.83,Balkrishna Industries,0.32,347,450,153,69
25,0.83,Kuhl,0.41,325,387,108,67
25,0.83,Dream11,0.43,334,446,183,80
25,0.83,Jio,0.51,195,356,61,63
25,0.83,Arun,0.58,339,80,78,53
25,0.83,philips,0.68,681,139,86,50
25,0.83,TATA IPL,0.72,151,416,86,79
25,0.83,Balkrishna Industries,0.80,649,323,194,87
25,0.83,TATA IPL,0.84,22,14,92,91
26,0.87,Arun,0.25,362,85,60,37
26,0.87,TATA IPL,0.25,177,389,80,103
26,0.87,Dream11,0.30,328,393,107,70
26,0.87,TATA IPL,0.38,204,361,58,64
26,0.87,Dream11,0.38,351,442,152,84
26,0.87,Kuhl,0.47,327,383,92,58
26,0.87,Jio,0.48,204,357,54,73
26,0.87,Arun,0.59,348,80,91,56
26,0.87,TATA IPL,0.65,156,425,90,79
26,0.87,philips,0.72,690,141,89,48
26,0.87,Balkrishna Industries,0.78,651,324,201,88
26,0.87,TATA IPL,0.84,21,14,94,91
27,0.90,Dream11,0.33,327,393,112,70
27,0.90,Balkrishna Industries,0.35,367,449,133,60
27,0.90,Dream11,0.47,350,446,154,78
27,0.90,Kuhl,0.48,336,382,93,63
27,0.90,Arun,0.59,355,73,101,60
27,0.90,Jio,0.61,207,367,63,62
27,0.90,TATA IPL,0.64,161,429,90,82
27,0.90,philips,0.70,697,140,88,46
27,0.90,Balkrishna Industries,0.74,659,324,208,88
27,0.90,TATA IPL,0.84,21,14,94,91
28,0.93,Balkrishna Industries,0.26,374,446,119,61
28,0.93,Dream11,0.47,363,450,131,73
28,0.93,Kuhl,0.50,343,385,81,57
28,0.93,Jio,0.56,225,364,58,74
28,0.93,Arun,0.64,367,71,109,61
28,0.93,philips,0.70,710,136,83,47
28,0.93,TATA IPL,0.70,174,426,84,89
28,0.93,Balkrishna Industries,0.76,661,324,209,86
28,0.93,TATA IPL,0.84,21,14,94,91
29,0.97,philips,0.28,299,105,55,51
29,0.97,Jio,0.43,236,370,62,63
29,0.97,Kuhl,0.45,351,384,73,59
29,0.97,Dream11,0.49,369,451,124,72
29,0.97,Arun,0.58,376,69,100,56
29,0.97,philips,0.67,713,136,82,46
29,0.97,TATA IPL,0.67,189,433,90,84
29,0.97,Balkrishna Industries,0.74,660,324,213,88
29,0.97,TATA IPL,0.84,20,14,95,90
30,1.00,philips,0.29,299,105,55,51
30,1.00,Jio,0.44,236,369,62,64
30,1.00,Kuhl,0.45,351,384,73,59
30,1.00,Dream11,0.48,369,450,124,73
30,1.00,Arun,0.57,376,69,100,56
30,1.00,philips,0.67,713,136,83,46
30,1.00,TATA IPL,0.68,189,433,90,84
30,1.00,Balkrishna Industries,0.74,660,324,213,88
30,1.00,TATA IPL,0.84,20,14,94,91
31,1.03,philips,0.39,302,104,54,50
31,1.03,Dream11,0.44,378,449,114,72
31,1.03,Jio,0.55,249,360,64,83
31,1.03,Arun,0.55,384,66,98,54
31,1.03,Kuhl,0.63,360,388,78,47
31,1.03,philips,0.66,716,134,87,50
31,1.03,TATA IPL,0.68,203,430,93,87
31,1.03,Balkrishna Industries,0.79,664,325,209,87
31,1.03,TATA IPL,0.85,22,14,92,91
32,1.07,TATA IPL,0.28,264,359,65,74
32,1.07,philips,0.39,305,102,56,52
32,1.07,Dream11,0.41,382,450,112,68
32,1.07,Kuhl,0.50,367,389,72,43
32,1.07,Jio,0.53,260,360,68,76
32,1.07,Arun,0.56,386,62,97,53
32,1.07,philips,0.65,714,130,94,52
32,1.07,TATA IPL,0.69,218,433,92,82
32,1.07,Balkrishna Industries,0.79,667,324,207,85
32,1.07,TATA IPL,0.85,22,14,92,91
33,1.10,TATA IPL,0.28,271,361,63,84
33,1.10,Dream11,0.36,385,444,110,70
33,1.10,philips,0.37,307,97,65,51
33,1.10,Kuhl,0.37,377,385,75,48
33,1.10,Jio,0.46,273,363,73,71
33,1.10,Arun,0.56,403,66,76,51
33,1.10,philips,0.66,719,127,89,53
33,1.10,TATA IPL,0.76,230,431,95,78
33,1.10,Balkrishna Industries,0.80,668,323,206,86
33,1.10,TATA IPL,0.85,21,14,94,91
34,1.13,Dream11,0.29,397,431,96,78
34,1.13,Kuhl,0.41,387,381,67,45
34,1.13,Jio,0.42,274,360,75,67
34,1.13,philips,0.50,310,93,67,55
34,1.13,Arun,0.63,404,60,75,54
34,1.13,philips,0.67,715,126,91,55
34,1.13,TATA IPL,0.75,245,426,96,85
34,1.13,Balkrishna Industries,0.79,669,325,201,87
34,1.13,TATA IPL,0.85,21,14,93,91
35,1.17,Dream11,0.25,408,430,91,75
35,1.17,TATA IPL,0.36,511,425,38,68
35,1.17,Jio,0.40,282,356,73,65
35,1.17,Kuhl,0.46,394,377,64,49
35,1.17,Arun,0.60,405,59,75,51
35,1.17,philips,0.64,314,95,56,60
35,1.17,philips,0.66,713,126,91,54
35,1.17,TATA IPL,0.78,256,422,90,80
35,1.17,Balkrishna Industries,0.80,671,325,196,89
35,1.17,TATA IPL,0.85,22,14,92,91
36,1.20,Dream11,0.25,408,430,91,75
36,1.20,TATA IPL,0.36,511,425,38,68
36,1.20,Jio,0.40,282,356,73,64
36,1.20,Kuhl,0.46,394,377,64,49
36,1.20,Arun,0.60,405,60,75,50
36,1.20,philips,0.63,314,95,56,60
36,1.20,philips,0.66,713,125,91,55
36,1.20,TATA IPL,0.78,256,422,90,80
36,1.20,Balkrishna Industries,0.80,671,325,196,89
36,1.20,TATA IPL,0.85,22,14,92,91
37,1.23,TATA IPL,0.27,511,424,37,68
37,1.23,Kuhl,0.28,415,437,89,62
37,1.23,Dream11,0.30,415,432,89,68
37,1.23,Kuhl,0.52,392,375,74,48
37,1.23,Jio,0.54,293,355,62,63
37,1.23,Arun,0.56,402,56,94,57
37,1.23,philips,0.61,316,93,53,59
37,1.23,philips,0.66,705,121,89,61
37,1.23,TATA IPL,0.76,261,422,86,74
37,1.23,Balkrishna Industries,0.80,671,327,193,87
37,1.23,TATA IPL,0.85,21,15,92,91
38,1.27,Kuhl,0.26,397,376,96,75
38,1.27,Dream11,0.30,415,432,91,70
38,1.27,Jio,0.54,288,343,72,76
38,1.27,Kuhl,0.60,399,374,64,45
38,1.27,Arun,0.60,418,59,78,51
38,1.27,philips,0.62,320,92,50,59
38,1.27,philips,0.68,694,124,90,54
38,1.27,TATA IPL,0.77,262,414,85,87
38,1.27,Balkrishna Industries,0.78,663,328,200,84
38,1.27,TATA IPL,0.85,21,15,92,91
39,1.30,Dream11,0.31,418,432,92,71
39,1.30,Jio,0.50,286,343,80,74
39,1.30,Kuhl,0.60,400,376,68,44
39,1.30,Arun,0.61,416,58,85,50
39,1.30,philips,0.63,320,93,53,58
39,1.30,philips,0.65,686,125,87,54
39,1.30,TATA IPL,0.77,268,416,82,82
39,1.30,Balkrishna Industries,0.81,653,326,191,86
39,1.30,TATA IPL,0.85,20,15,94,90
40,1.33,Dream11,0.32,423,430,108,73
40,1.33,Jio,0.45,294,345,73,73
40,1.33,Kuhl,0.48,409,375,66,48
40,1.33,Arun,0.64,417,62,85,46
40,1.33,philips,0.66,674,122,89,54
40,1.33,philips,0.66,323,95,60,64
40,1.33,TATA IPL,0.76,270,423,83,74
40,1.33,Balkrishna Industries,0.83,647,328,190,84
40,1.33,TATA IPL,0.84,21,16,92,88
41,1.37,Dream11,0.32,433,428,99,75
41,1.37,Jio,0.41,301,346,79,64
41,1.37,Kuhl,0.54,420,372,51,53
41,1.37,Arun,0.63,418,63,85,43
41,1.37,philips,0.65,323,96,63,59
41,1.37,philips,0.71,666,122,82,53
41,1.37,TATA IPL,0.76,274,418,77,81
41,1.37,Balkrishna Industries,0.79,638,331,194,88
41,1.37,TATA IPL,0.85,20,15,93,90
42,1.40,Dream11,0.32,434,428,99,74
42,1.40,Jio,0.42,302,346,78,64
42,1.40,Kuhl,0.55,420,372,50,53
42,1.40,Arun,0.63,417,63,86,43
42,1.40,philips,0.65,322,96,65,58
42,1.40,philips,0.71,666,122,82,53
42,1.40,TATA IPL,0.76,274,419,78,80
42,1.40,Balkrishna Industries,0.79,638,330,194,89
42,1.40,TATA IPL,0.84,20,15,93,90
43,1.43,Kuhl,0.42,424,374,64,46
43,1.43,Jio,0.46,308,341,74,69
43,1.43,Arun,0.57,422,54,83,53
43,1.43,philips,0.69,327,96,63,62
43,1.43,philips,0.71,661,119,78,54
43,1.43,TATA IPL,0.75,274,411,82,84
43,1.43,Balkrishna Industries,0.77,631,332,182,90
43,1.43,TATA IPL,0.84,19,14,96,92
44,1.47,TATA IPL,0.30,307,336,72,71
44,1.47,Kuhl,0.35,426,372,60,41
44,1.47,Jio,0.52,307,335,71,69
44,1.47,Arun,0.57,431,53,78,51
44,1.47,philips,0.65,335,99,65,54
44,1.47,TATA IPL,0.75,273,408,88,82
44,1.47,philips,0.75,648,117,86,52
44,1.47,Balkrishna Industries,0.77,609,335,202,83
44,1.47,TATA IPL,0.85,19,14,97,91
45,1.50,Kuhl,0.42,436,371,46,44
45,1.50,Jio,0.43,313,333,75,73
45,1.50,Arun,0.57,436,55,74,48
45,1.50,philips,0.63,339,97,61,57
45,1.50,Balkrishna Industries,0.72,592,339,216,90
45,1.50,TATA IPL,0.75,278,405,86,80
45,1.50,philips,0.76,635,120,88,49
45,1.50,TATA IPL,0.85,18,13,98,92
46,1.53,Kuhl,0.27,440,365,48,50
46,1.53,Jio,0.44,317,327,72,62
46,1.53,Arun,0.54,434,54,78,49
46,1.53,philips,0.62,344,94,56,53
46,1.53,philips,0.71,623,117,88,51
46,1.53,TATA IPL,0.76,287,397,84,78
46,1.53,Balkrishna Industries,0.78,591,345,197,80
46,1.53,TATA IPL,0.85,19,14,97,91
47,1.57,Kuhl,0.26,442,357,56,56
47,1.57,Jio,0.49,322,316,74,75
47,1.57,Arun,0.57,436,51,82,55
47,1.57,philips,0.72,611,119,90,47
47,1.57,philips,0.73,349,93,50,52
47,1.57,TATA IPL,0.75,293,384,80,91
47,1.57,Balkrishna Industries,0.75,580,350,199,79
47,1.57,TATA IPL,0.85,19,14,96,91
48,1.60,Kuhl,0.25,442,357,56,56
48,1.60,Jio,0.49,322,317,75,74
48,1.60,Arun,0.57,436,51,81,54
48,1.60,philips,0.72,611,119,91,48
48,1.60,philips,0.74,349,93,49,53
48,1.60,TATA IPL,0.75,292,384,81,91
48,1.60,Balkrishna Industries,0.75,580,349,199,80
48,1.60,TATA IPL,0.85,19,13,96,91
49,1.63,Jio,0.48,338,315,76,66
49,1.63,Arun,0.56,443,53,83,53
49,1.63,philips,0.66,350,91,60,63
49,1.63,philips,0.67,593,116,90,53
49,1.63,TATA IPL,0.76,303,383,77,76
49,1.63,Balkrishna Industries,0.79,540,349,202,89
49,1.63,TATA IPL,0.85,19,14,97,90
50,1.67,Jio,0.49,338,316,76,65
50,1.67,Arun,0.57,443,53,83,53
50,1.67,philips,0.66,350,91,60,63
50,1.67,philips,0.68,593,116,90,53
50,1.67,TATA IPL,0.76,303,383,77,75
50,1.67,Balkrishna Industries,0.79,540,348,202,90
50,1.67,TATA IPL,0.85,19,14,97,90
51,1.70,Jio,0.47,341,313,75,64
51,1.70,Arun,0.57,446,54,82,52
51,1.70,philips,0.66,360,96,44,54
51,1.70,philips,0.69,587,119,89,50
51,1.70,TATA IPL,0.73,307,377,80,83
51,1.70,Balkrishna Industries,0.84,540,348,187,89
51,1.70,TATA IPL,0.85,20,15,96,89
52,1.73,philips,0.58,367,93,37,55
52,1.73,Jio,0.59,344,309,69,62
52,1.73,Arun,0.59,456,55,73,48
52,1.73,philips,0.72,583,120,91,47
52,1.73,TATA IPL,0.76,308,374,86,79
52,1.73,Balkrishna Industries,0.82,535,350,188,86
52,1.73,TATA IPL,0.86,19,15,97,88
53,1.77,Jio,0.43,344,304,73,69
53,1.77,philips,0.54,364,90,69,51
53,1.77,Arun,0.60,464,55,70,46
53,1.77,philips,0.72,582,122,89,45
53,1.77,TATA IPL,0.76,312,366,80,85
53,1.77,Balkrishna Industries,0.82,535,352,180,87
53,1.77,TATA IPL,0.86,20,16,94,87
54,1.80,Jio,0.43,344,304,74,70
54,1.80,philips,0.54,364,91,69,50
54,1.80,Arun,0.61,464,55,70,46
54,1.80,philips,0.72,582,122,89,45
54,1.80,TATA IPL,0.76,312,366,80,85
54,1.80,Balkrishna Industries,0.82,535,352,180,87
54,1.80,TATA IPL,0.86,20,16,94,87
55,1.83,Jio,0.28,317,335,83,102
55,1.83,Jio,0.43,347,298,67,64
55,1.83,philips,0.51,367,88,68,52
55,1.83,Arun,0.60,466,53,69,46
55,1.83,philips,0.72,580,122,92,47
55,1.83,TATA IPL,0.77,311,359,81,88
55,1.83,Balkrishna Industries,0.81,533,354,178,87
55,1.83,TATA IPL,0.86,19,16,96,87
56,1.87,philips,0.45,367,83,60,59
56,1.87,Jio,0.56,350,299,60,61
56,1.87,Arun,0.61,458,51,74,48
56,1.87,philips,0.71,580,122,92,47
56,1.87,Balkrishna Industries,0.79,519,354,180,97
56,1.87,TATA IPL,0.82,313,358,81,79
56,1.87,TATA IPL,0.85,18,16,96,88
57,1.90,philips,0.37,364,83,61,60
57,1.90,Jio,0.46,342,290,77,67
57,1.90,Arun,0.61,454,51,76,49
57,1.90,philips,0.72,581,122,93,47
57,1.90,Balkrishna Industries,0.79,518,355,178,96
57,1.90,TATA IPL,0.79,312,352,79,86
57,1.90,TATA IPL,0.85,19,16,95,88
58,1.93,Jio,0.52,335,283,74,60
58,1.93,Arun,0.57,431,50,82,51
58,1.93,philips,0.73,582,120,91,48
58,1.93,TATA IPL,0.77,304,351,86,77
58,1.93,Balkrishna Industries,0.79,519,351,172,97
58,1.93,TATA IPL,0.85,21,17,91,87
59,1.97,Jio,0.52,335,284,74,59
59,1.97,Arun,0.57,431,50,82,51
59,1.97,philips,0.73,582,120,91,48
59,1.97,TATA IPL,0.77,304,351,86,77
59,1.97,Balkrishna Industries,0.79,519,351,172,97
59,1.97,TATA IPL,0.85,21,17,92,87
60,2.00,Jio,0.51,335,283,74,60
60,2.00,Arun,0.57,431,50,82,51
60,2.00,philips,0.73,582,120,91,48
60,2.00,TATA IPL,0.76,304,351,86,77
60,2.00,Balkrishna Industries,0.79,518,351,173,97
60,2.00,TATA IPL,0.85,20,17,93,86
61,2.03,Jio,0.58,338,276,66,71
61,2.03,Arun,0.58,430,51,77,50
61,2.03,philips,0.74,581,120,91,49
61,2.03,TATA IPL,0.75,303,350,81,75
61,2.03,Balkrishna Industries,0.79,519,352,172,96
61,2.03,TATA IPL,0.85,20,18,93,85
62,2.07,TATA IPL,0.38,310,311,80,98
62,2.07,Jio,0.55,326,278,77,68
62,2.07,Arun,0.59,422,50,82,54
62,2.07,TATA IPL,0.71,301,350,82,74
62,2.07,philips,0.71,584,120,90,50
62,2.07,Balkrishna Industries,0.80,517,350,182,99
62,2.07,TATA IPL,0.85,20,18,94,85
63,2.10,Jio,0.59,328,277,70,71
63,2.10,Arun,0.62,414,52,89,51
63,2.10,philips,0.67,594,117,86,51
63,2.10,TATA IPL,0.72,296,349,87,72
63,2.10,Balkrishna Industries,0.79,538,353,171,87
63,2.10,TATA IPL,0.86,19,18,94,85
64,2.13,Kuhl,0.32,455,342,37,39
64,2.13,Jio,0.57,325,278,73,68
64,2.13,Arun,0.66,418,50,76,51
64,2.13,philips,0.71,606,120,90,47
64,2.13,TATA IPL,0.72,296,348,85,71
64,2.13,Balkrishna Industries,0.82,542,354,171,84
64,2.13,TATA IPL,0.86,19,18,94,85
65,2.17,TATA IPL,0.29,313,297,76,94
65,2.17,Kuhl,0.48,455,345,42,36
65,2.17,Jio,0.52,325,278,70,67
65,2.17,Arun,0.65,416,47,76,51
65,2.17,philips,0.70,624,117,86,50
65,2.17,TATA IPL,0.72,292,348,85,73
65,2.17,Balkrishna Industries,0.80,544,350,176,85
65,2.17,TATA IPL,0.86,18,17,96,86
66,2.20,TATA IPL,0.28,313,297,76,95
66,2.20,Kuhl,0.48,455,345,42,35
66,2.20,Jio,0.52,331,276,72,71
66,2.20,Arun,0.64,416,47,76,52
66,2.20,philips,0.70,624,117,85,50
66,2.20,TATA IPL,0.72,292,348,85,73
66,2.20,Balkrishna Industries,0.80,544,350,176,85
66,2.20,TATA IPL,0.86,17,17,97,86
67,2.23,TATA IPL,0.30,312,291,78,89
67,2.23,Kuhl,0.57,454,345,46,33
67,2.23,Jio,0.61,321,279,75,64
67,2.23,Arun,0.66,417,47,72,50
67,2.23,philips,0.73,631,119,95,48
67,2.23,Balkrishna Industries,0.76,543,352,193,86
67,2.23,TATA IPL,0.77,288,348,85,70
67,2.23,TATA IPL,0.85,18,17,95,86
68,2.27,Jio,0.57,319,277,70,64
68,2.27,Kuhl,0.62,447,344,58,37
68,2.27,Arun,0.63,406,52,74,42
68,2.27,philips,0.74,638,119,96,49
68,2.27,Balkrishna Industries,0.78,567,351,180,80
68,2.27,TATA IPL,0.79,283,347,88,72
68,2.27,TATA IPL,0.85,19,17,94,85
69,2.30,Kuhl,0.52,446,344,61,39
69,2.30,Jio,0.58,321,285,61,63
69,2.30,Arun,0.67,409,52,69,44
69,2.30,philips,0.73,654,118,84,51
69,2.30,TATA IPL,0.76,280,350,84,76
69,2.30,Balkrishna Industries,0.80,573,348,178,85
69,2.30,TATA IPL,0.84,18,18,94,85
70,2.33,Kuhl,0.47,444,345,64,39
70,2.33,Jio,0.56,320,285,62,65
70,2.33,Arun,0.68,410,52,68,46
70,2.33,philips,0.73,659,119,92,49
70,2.33,Balkrishna Industries,0.74,567,351,201,82
70,2.33,TATA IPL,0.75,277,350,82,78
70,2.33,TATA IPL,0.84,18,18,94,86
71,2.37,Kuhl,0.48,441,346,70,38
71,2.37,Jio,0.49,314,284,66,66
71,2.37,Arun,0.70,410,52,68,45
71,2.37,philips,0.76,663,118,92,50
71,2.37,TATA IPL,0.77,277,348,73,76
71,2.37,Balkrishna Industries,0.79,592,350,183,77
71,2.37,TATA IPL,0.84,19,18,93,86
72,2.40,Kuhl,0.48,441,346,70,38
72,2.40,Jio,0.49,314,284,66,66
72,2.40,Arun,0.70,410,52,68,45
72,2.40,philips,0.76,663,118,92,50
72,2.40,TATA IPL,0.77,277,348,73,76
72,2.40,Balkrishna Industries,0.79,592,350,184,77
72,2.40,TATA IPL,0.84,19,18,93,86
73,2.43,Dream11,0.27,439,339,75,58
73,2.43,Jio,0.43,315,289,56,65
73,2.43,Kuhl,0.48,442,347,76,38
73,2.43,Arun,0.66,410,53,72,47
73,2.43,philips,0.74,669,119,93,51
73,2.43,TATA IPL,0.75,275,358,74,77
73,2.43,Balkrishna Industries,0.79,593,347,187,81
73,2.43,TATA IPL,0.84,18,18,94,87
74,2.47,Kuhl,0.31,442,343,67,48
74,2.47,Jio,0.60,309,300,60,60
74,2.47,Arun,0.70,419,51,67,46
74,2.47,philips,0.73,680,118,84,52
74,2.47,TATA IPL,0.74,270,366,74,79
74,2.47,Balkrishna Industries,0.79,591,346,196,86
74,2.47,TATA IPL,0.84,18,18,94,87
75,2.50,Dream11,0.25,443,340,77,58
75,2.50,Kuhl,0.41,439,345,86,37
75,2.50,Jio,0.59,308,300,61,62
75,2.50,Arun,0.69,418,48,69,46
75,2.50,philips,0.73,684,118,84,49
75,2.50,Balkrishna Industries,0.73,595,343,210,87
75,2.50,TATA IPL,0.75,270,367,71,78
75,2.50,TATA IPL,0.84,17,18,95,87
76,2.53,TATA IPL,0.84,17,17,103,90
77,2.57,TATA IPL,0.84,17,16,103,92
78,2.60,TATA IPL,0.84,17,16,103,92
79,2.63,TATA IPL,0.83,17,16,103,92
80,2.67,TATA IPL,0.83,17,16,103,92
81,2.70,TATA IPL,0.82,17,16,103,93
82,2.73,TATA IPL,0.82,17,16,104,93
83,2.77,TATA IPL,0.84,18,17,101,90
84,2.80,TATA IPL,0.84,18,17,101,90
85,2.83,TATA IPL,0.81,17,15,102,95
86,2.87,TATA IPL,0.83,17,16,101,93
87,2.90,TATA IPL,0.84,16,16,101,92
88,2.93,TATA IPL,0.83,15,15,103,94
89,2.97,TATA IPL,0.83,15,15,103,94
90,3.00,TATA IPL,0.82,15,15,104,94
91,3.03,TATA IPL,0.83,15,15,104,93
92,3.07,TATA IPL,0.83,16,15,103,93
93,3.10,TATA IPL,0.83,16,15,103,93
94,3.13,TATA IPL,0.83,16,15,102,94
95,3.17,TATA IPL,0.84,18,16,100,91
96,3.20,TATA IPL,0.85,18,16,100,91
97,3.23,TATA IPL,0.85,18,17,100,89
98,3.27,TATA IPL,0.84,17,15,102,93
99,3.30,TATA IPL,0.84,16,15,104,94
100,3.33,TATA IPL,0.83,16,14,103,95
101,3.37,TATA IPL,0.82,16,14,104,96
102,3.40,TATA IPL,0.82,16,14,104,96
103,3.43,TATA IPL,0.82,16,14,105,95
104,3.47,TATA IPL,0.84,17,15,103,94
105,3.50,TATA IPL,0.84,17,15,101,94
106,3.53,TATA IPL,0.85,17,17,101,91
107,3.57,TATA IPL,0.85,17,17,100,91
108,3.60,TATA IPL,0.85,17,16,100,92
109,3.63,TATA IPL,0.84,18,16,100,92
110,3.67,TATA IPL,0.84,18,15,100,93
111,3.70,TATA IPL,0.85,17,16,100,92
112,3.73,TATA IPL,0.85,18,16,99,92
113,3.77,TATA IPL,0.85,17,17,100,90
114,3.80,TATA IPL,0.85,17,16,100,92
115,3.83,TATA IPL,0.85,17,16,100,91
116,3.87,TATA IPL,0.85,17,16,100,91
117,3.90,TATA IPL,0.86,17,17,99,89
118,3.93,TATA IPL,0.85,16,16,100,90
119,3.97,TATA IPL,0.85,16,15,101,92
120,4.00,TATA IPL,0.85,16,15,101,92
121,4.03,TATA IPL,0.85,16,16,100,91
122,4.07,TATA IPL,0.85,16,16,102,92
123,4.10,TATA IPL,0.26,27,26,74,56
124,4.13,TATA IPL,0.39,32,23,68,68
125,4.17,TATA IPL,0.64,26,18,81,83
126,4.20,TATA IPL,0.64,26,18,81,82
127,4.23,TATA IPL,0.72,29,21,76,79
128,4.27,TATA IPL,0.73,30,21,75,79
129,4.30,TATA IPL,0.66,17,17,96,85
130,4.33,TATA IPL,0.77,13,17,96,87
131,4.37,TATA IPL,0.67,23,18,88,81
132,4.40,TATA IPL,0.67,22,18,90,81
133,4.43,TATA IPL,0.69,22,18,90,81
134,4.47,TATA IPL,0.68,20,21,94,79
135,4.50,TATA IPL,0.52,20,22,84,72
136,4.53,TATA IPL,0.82,26,22,86,76
137,4.57,TATA IPL,0.69,23,20,92,80
138,4.60,TATA IPL,0.69,23,20,92,80
139,4.63,TATA IPL,0.50,16,20,89,76
140,4.67,TATA IPL,0.62,17,21,95,77
141,4.70,TATA IPL,0.67,22,22,90,76
142,4.73,TATA IPL,0.63,19,20,91,80
143,4.77,TATA IPL,0.67,15,18,100,86
144,4.80,TATA IPL,0.66,16,18,99,86
145,4.83,TATA IPL,0.72,15,17,105,92
146,4.87,TATA IPL,0.74,15,18,104,91
147,4.90,TATA IPL,0.72,16,18,102,89
148,4.93,TATA IPL,0.74,18,17,101,90
149,4.97,TATA IPL,0.70,17,18,102,90
150,5.00,TATA IPL,0.70,17,18,102,90
151,5.03,TATA IPL,0.73,15,18,102,90
152,5.07,TATA IPL,0.68,15,18,100,89
153,5.10,TATA IPL,0.66,16,19,99,86
154,5.13,TATA IPL,0.64,18,22,92,78
155,5.17,TATA IPL,0.70,17,22,93,78
156,5.20,TATA IPL,0.70,17,22,93,78
157,5.23,TATA IPL,0.70,17,22,93,78
158,5.27,TATA IPL,0.70,18,20,97,80
159,5.30,TATA IPL,0.60,20,22,90,74
160,5.33,TATA IPL,0.48,16,19,92,79
161,5.37,TATA IPL,0.48,15,18,94,81
162,5.40,TATA IPL,0.51,5,18,109,87
163,5.43,TATA IPL,0.53,6,16,108,88
164,5.47,TATA IPL,0.55,21,21,88,74
165,5.50,TATA IPL,0.52,22,23,91,70
217,7.23,TATA IPL,0.27,15,25,84,69
219,7.30,TATA IPL,0.28,18,26,84,68
220,7.33,TATA IPL,0.29,19,27,83,67
221,7.37,TATA IPL,0.26,19,26,82,67
222,7.40,TATA IPL,0.28,18,26,83,68
223,7.43,TATA IPL,0.26,19,24,83,70
229,7.63,TATA IPL,0.49,12,16,90,85
230,7.67,TATA IPL,0.62,10,16,96,88
231,7.70,TATA IPL,0.53,10,17,93,84
232,7.73,TATA IPL,0.56,9,11,98,90
233,7.77,TATA IPL,0.55,9,11,98,90
234,7.80,TATA IPL,0.55,10,11,96,90
235,7.83,TATA IPL,0.54,9,17,96,88
236,7.87,TATA IPL,0.27,16,21,86,80
248,8.27,TATA IPL,0.42,14,11,87,84
249,8.30,TATA IPL,0.46,16,10,88,87
250,8.33,TATA IPL,0.55,14,15,92,85
251,8.37,TATA IPL,0.56,11,15,97,85
252,8.40,TATA IPL,0.56,11,15,97,85
253,8.43,TATA IPL,0.47,16,15,90,82
256,8.53,TATA IPL,0.43,13,9,90,89
257,8.57,TATA IPL,0.43,9,10,96,90
258,8.60,TATA IPL,0.42,9,9,97,92
259,8.63,TATA IPL,0.41,9,9,96,92
260,8.67,TATA IPL,0.48,10,15,95,84
261,8.70,TATA IPL,0.45,10,14,94,88
262,8.73,TATA IPL,0.34,10,16,93,87
266,8.87,TATA IPL,0.30,11,13,89,89
267,8.90,TATA IPL,0.25,12,17,87,83
268,8.93,TATA IPL,0.31,12,17,87,82
287,9.57,TATA IPL,0.44,10,14,93,83
288,9.60,TATA IPL,0.44,10,14,93,83
289,9.63,TATA IPL,0.32,9,17,91,80
290,9.67,TATA IPL,0.33,12,17,86,80
296,9.87,TATA IPL,0.29,12,15,88,79
298,9.93,TATA IPL,0.35,9,14,95,82
299,9.97,TATA IPL,0.29,12,14,92,80
300,10.00,TATA IPL,0.29,13,13,92,80
305,10.17,TATA IPL,0.26,24,22,85,78
309,10.30,TATA IPL,0.34,13,19,87,76
310,10.33,TATA IPL,0.45,8,16,93,80
311,10.37,TATA IPL,0.44,8,16,92,80
312,10.40,TATA IPL,0.41,10,16,91,81
313,10.43,TATA IPL,0.44,7,14,96,84
314,10.47,TATA IPL,0.25,11,19,91,73
315,10.50,TATA IPL,0.27,11,18,91,75
316,10.53,TATA IPL,0.34,15,17,86,77
317,10.57,TATA IPL,0.44,10,14,90,82
318,10.60,TATA IPL,0.44,10,14,90,82
319,10.63,TATA IPL,0.35,13,15,89,76
320,10.67,TATA IPL,0.36,12,13,90,82
321,10.70,TATA IPL,0.47,14,16,88,81
322,10.73,TATA IPL,0.31,13,16,85,76
327,10.90,TATA IPL,0.31,12,17,84,77
328,10.93,TATA IPL,0.36,15,16,83,76
329,10.97,Kuhl,0.28,467,348,81,48
329,10.97,Balkrishna Industries,0.32,491,395,132,68
329,10.97,TATA IPL,0.40,20,22,71,64
330,11.00,Kuhl,0.28,467,348,81,48
330,11.00,Balkrishna Industries,0.32,491,395,132,68
330,11.00,TATA IPL,0.40,20,22,71,64
331,11.03,Kuhl,0.27,458,339,79,60
331,11.03,Balkrishna Industries,0.31,492,389,131,66
331,11.03,TATA IPL,0.46,18,20,76,68
332,11.07,Kuhl,0.32,453,334,83,54
332,11.07,Balkrishna Industries,0.40,479,381,135,66
332,11.07,TATA IPL,0.50,19,19,77,70
333,11.10,Balkrishna Industries,0.34,476,383,135,57
333,11.10,TATA IPL,0.46,20,19,73,68
334,11.13,Balkrishna Industries,0.28,449,327,79,58
334,11.13,Kuhl,0.32,446,332,77,44
334,11.13,Balkrishna Industries,0.39,473,383,139,57
334,11.13,TATA IPL,0.54,18,19,78,72
335,11.17,Kuhl,0.37,445,338,78,41
335,11.17,Balkrishna Industries,0.42,475,384,144,56
335,11.17,TATA IPL,0.53,18,20,77,72
336,11.20,Kuhl,0.38,445,338,78,41
336,11.20,Balkrishna Industries,0.42,478,386,139,56
336,11.20,TATA IPL,0.52,18,20,77,72
337,11.23,Dream11,0.33,467,389,143,63
337,11.23,Balkrishna Industries,0.37,472,394,134,50
337,11.23,TATA IPL,0.45,20,22,73,68
337,11.23,Kuhl,0.50,449,345,75,40
338,11.27,Balkrishna Industries,0.30,472,398,130,51
338,11.27,Dream11,0.35,471,392,134,64
338,11.27,Kuhl,0.41,448,346,72,42
338,11.27,TATA IPL,0.45,21,20,73,70
339,11.30,TATA IPL,0.36,20,20,73,68
339,11.30,Balkrishna Industries,0.40,479,403,124,56
339,11.30,Dream11,0.40,471,402,136,60
339,11.30,Kuhl,0.47,450,353,76,38
340,11.33,Dream11,0.31,481,406,127,57
340,11.33,Balkrishna Industries,0.35,481,411,118,46
340,11.33,TATA IPL,0.48,21,24,72,66
340,11.33,Kuhl,0.54,460,357,76,45
341,11.37,Dream11,0.30,481,406,126,57
341,11.37,Balkrishna Industries,0.32,482,411,117,46
341,11.37,TATA IPL,0.48,21,24,72,66
341,11.37,Kuhl,0.54,461,357,75,45
342,11.40,Dream11,0.30,482,406,125,57
342,11.40,Balkrishna Industries,0.32,482,411,116,46
342,11.40,TATA IPL,0.47,21,24,72,66
342,11.40,Kuhl,0.54,461,357,75,45
343,11.43,Balkrishna Industries,0.29,485,408,113,49
343,11.43,Dream11,0.30,483,403,126,60
343,11.43,Kuhl,0.46,463,352,71,41
343,11.43,TATA IPL,0.49,21,23,73,69
344,11.47,TATA IPL,0.28,22,23,66,65
344,11.47,Balkrishna Industries,0.31,479,400,130,52
344,11.47,Kuhl,0.42,467,343,66,54
345,11.50,Dream11,0.27,474,387,135,65
345,11.50,Balkrishna Industries,0.34,474,393,129,50
345,11.50,Kuhl,0.53,457,338,78,41
346,11.53,Balkrishna Industries,0.34,468,387,135,51
346,11.53,TATA IPL,0.36,22,19,69,68
346,11.53,Kuhl,0.49,461,327,74,54
347,11.57,Balkrishna Industries,0.26,469,379,121,52
347,11.57,TATA IPL,0.32,23,24,65,61
347,11.57,Kuhl,0.47,449,323,75,43
348,11.60,Balkrishna Industries,0.35,460,375,130,54
348,11.60,TATA IPL,0.43,21,21,73,67
348,11.60,Kuhl,0.47,443,318,81,43
349,11.63,Balkrishna Industries,0.36,460,375,130,54
349,11.63,TATA IPL,0.44,21,21,74,68
349,11.63,Kuhl,0.46,443,318,81,43
350,11.67,TATA IPL,0.29,20,18,69,69
350,11.67,Kuhl,0.37,441,320,80,43
350,11.67,Balkrishna Industries,0.46,453,375,136,54
351,11.70,Kuhl,0.34,433,325,78,49
351,11.70,Balkrishna Industries,0.48,448,378,138,57
352,11.73,TATA IPL,0.28,21,19,69,67
352,11.73,Balkrishna Industries,0.31,443,395,135,48
352,11.73,Kuhl,0.53,417,341,80,40
353,11.77,TATA IPL,0.27,22,20,67,65
353,11.77,Balkrishna Industries,0.30,443,395,135,48
353,11.77,Kuhl,0.52,417,341,80,40
354,11.80,TATA IPL,0.32,22,19,70,67
354,11.80,Balkrishna Industries,0.34,429,398,137,63
354,11.80,Kuhl,0.43,413,348,78,41
355,11.83,Balkrishna Industries,0.33,428,398,137,63
355,11.83,TATA IPL,0.33,22,19,71,68
355,11.83,Kuhl,0.43,413,348,78,41
356,11.87,TATA IPL,0.31,23,21,69,68
356,11.87,Balkrishna Industries,0.33,412,403,146,57
356,11.87,Dream11,0.34,410,400,154,63
356,11.87,Kuhl,0.35,398,348,82,55
357,11.90,TATA IPL,0.31,23,21,69,68
357,11.90,Dream11,0.33,411,400,152,63
357,11.90,Balkrishna Industries,0.33,412,403,146,57
357,11.90,Kuhl,0.35,398,348,82,55
358,11.93,Balkrishna Industries,0.33,413,401,137,59
358,11.93,Dream11,0.33,405,396,149,66
358,11.93,Kuhl,0.51,388,350,79,46
359,11.97,Kuhl,0.31,388,341,80,57
359,11.97,Dream11,0.32,399,390,150,67
359,11.97,Balkrishna Industries,0.34,410,398,138,49
360,12.00,Kuhl,0.31,388,341,80,57
360,12.00,Dream11,0.32,399,390,150,68
360,12.00,Balkrishna Industries,0.35,410,398,138,49
361,12.03,Balkrishna Industries,0.27,409,384,141,57
361,12.03,Kuhl,0.40,378,339,73,51
362,12.07,TATA IPL,0.33,20,18,71,67
362,12.07,Balkrishna Industries,0.49,402,376,145,59
363,12.10,Kuhl,0.31,399,366,127,54
363,12.10,Kuhl,0.41,374,318,76,48
363,12.10,Balkrishna Industries,0.54,402,367,138,54
364,12.13,Kuhl,0.27,401,364,120,55
364,12.13,Kuhl,0.42,374,311,76,59
364,12.13,Balkrishna Industries,0.50,397,364,139,54
365,12.17,Kuhl,0.27,400,365,121,55
365,12.17,Kuhl,0.40,374,310,76,61
365,12.17,Balkrishna Industries,0.50,397,364,139,55
366,12.20,Kuhl,0.25,402,365,116,56
366,12.20,Balkrishna Industries,0.38,396,364,137,57
366,12.20,Kuhl,0.43,373,313,75,54
367,12.23,Kuhl,0.32,378,310,69,64
367,12.23,Balkrishna Industries,0.54,398,367,126,58
368,12.27,TATA IPL,0.34,28,23,75,66
368,12.27,Kuhl,0.39,377,327,76,46
368,12.27,Balkrishna Industries,0.50,397,379,129,58
369,12.30,TATA IPL,0.37,27,23,75,67
369,12.30,Kuhl,0.38,378,327,75,46
369,12.30,Balkrishna Industries,0.48,397,379,129,57
370,12.33,Balkrishna Industries,0.34,409,385,133,52
370,12.33,Kuhl,0.36,398,325,61,60
370,12.33,TATA IPL,0.76,18,15,98,87
371,12.37,Balkrishna Industries,0.29,394,325,76,65
371,12.37,Balkrishna Industries,0.32,417,390,125,53
371,12.37,Kuhl,0.41,388,334,76,42
371,12.37,TATA IPL,0.80,22,14,90,90
372,12.40,Balkrishna Industries,0.30,394,325,76,66
372,12.40,Balkrishna Industries,0.32,417,389,125,54
372,12.40,Kuhl,0.40,388,334,76,42
372,12.40,TATA IPL,0.80,22,14,91,90
373,12.43,Balkrishna Industries,0.26,393,324,97,62
373,12.43,Balkrishna Industries,0.29,421,387,125,55
373,12.43,Kuhl,0.29,397,334,79,44
373,12.43,TATA IPL,0.80,18,15,98,82
374,12.47,Kuhl,0.35,411,318,80,55
374,12.47,Balkrishna Industries,0.41,423,380,133,59
374,12.47,TATA IPL,0.80,24,13,90,93
375,12.50,Kuhl,0.36,411,318,80,55
375,12.50,Balkrishna Industries,0.41,422,380,134,59
375,12.50,TATA IPL,0.80,24,13,90,93
376,12.53,Kuhl,0.41,416,315,79,52
376,12.53,Balkrishna Industries,0.41,434,375,122,56
376,12.53,TATA IPL,0.80,13,14,102,88
377,12.57,Balkrishna Industries,0.25,409,304,98,58
377,12.57,Kuhl,0.31,432,363,141,60
377,12.57,Balkrishna Industries,0.44,433,367,141,48
377,12.57,Kuhl,0.45,409,309,88,44
377,12.57,TATA IPL,0.83,20,14,94,89
378,12.60,Kuhl,0.35,432,364,142,57
378,12.60,Balkrishna Industries,0.47,434,368,141,45
378,12.60,Kuhl,0.51,409,310,88,43
378,12.60,TATA IPL,0.83,22,14,92,90
379,12.63,Balkrishna Industries,0.26,420,299,78,55
379,12.63,Kuhl,0.27,421,302,80,50
379,12.63,Kuhl,0.28,443,359,140,60
379,12.63,Balkrishna Industries,0.46,447,364,127,50
379,12.63,TATA IPL,0.84,19,16,94,88
380,12.67,Balkrishna Industries,0.25,429,294,90,64
380,12.67,Kuhl,0.33,436,301,77,55
380,12.67,Balkrishna Industries,0.54,451,360,127,55
380,12.67,TATA IPL,0.84,20,13,96,92
381,12.70,Balkrishna Industries,0.60,455,364,151,49
381,12.70,TATA IPL,0.82,19,13,99,96
382,12.73,Balkrishna Industries,0.55,467,370,146,52
382,12.73,TATA IPL,0.83,18,13,100,95
383,12.77,Balkrishna Industries,0.28,524,383,90,49
383,12.77,TATA IPL,0.83,18,13,99,95
384,12.80,TATA IPL,0.82,16,12,101,96
385,12.83,TATA IPL,0.84,18,11,99,98
386,12.87,TATA IPL,0.81,18,11,103,101
387,12.90,TATA IPL,0.82,17,11,104,101
388,12.93,TATA IPL,0.84,16,13,104,98
389,12.97,TATA IPL,0.85,17,15,103,94
390,13.00,TATA IPL,0.85,16,15,103,94
391,13.03,TATA IPL,0.85,17,16,103,91
392,13.07,TATA IPL,0.85,16,16,105,91
393,13.10,TATA IPL,0.86,16,16,104,91
394,13.13,TATA IPL,0.86,16,17,103,89
395,13.17,TATA IPL,0.85,15,16,104,91
396,13.20,TATA IPL,0.83,15,14,106,95
397,13.23,TATA IPL,0.83,15,15,104,93
398,13.27,TATA IPL,0.84,17,15,102,93
399,13.30,TATA IPL,0.84,17,15,102,94
400,13.33,TATA IPL,0.84,16,15,104,94
401,13.37,TATA IPL,0.84,16,15,104,94
402,13.40,TATA IPL,0.85,18,16,100,92
403,13.43,TATA IPL,0.85,18,15,100,94
404,13.47,TATA IPL,0.86,17,17,101,91
405,13.50,TATA IPL,0.85,17,17,101,91
